timestamp,How frequently do you use a food delivery app?,Which app do you use?,How easy is it to navigate the app and place an order?,What do you think of the variety of restaurants and cuisines available on the app?,"Have you experienced any issues with the app? If so, please explain.",How satisfied are you with the delivery time for your orders?,Is there anything that you would like to see changed or improved on the app?,How important are promotions and discounts to you when using a food delivery app?,How satisfied are you with the payment options available on the app?,"How important is the accuracy of the order details, such as the items and special instructions, to you?",How satisfied are you with the pricing of the food and delivery fees on the app?,How important is the ability to track the status of your order in real-time?,What do you think about reserving seats on a restaurant using the app?
2023-03-17T19:12,Do not use any food delivery apps,Other app,Requires a lot of action,More restaurants should be added,,Food is delivered on time,,Not interested,Satisfied,Important,Satisfied,Very important,
2023-03-17T19:24,Do not use any food delivery apps,Restaurant's own app,Not so simple to use,My favorite restaurants are listed,,Food is delivered a little bit later,,Not interested,Satisfied,Just food should be delivered,Some prices are high,Very important,
2023-03-17T19:35,Occasionally,Express 24,Not so simple to use,My favorite restaurants are listed,,Food is delivered on time,,Very important,Satisfied,Important,Some prices are high,Very important,Would be great
2023-03-17T19:46,Several times a week,Express 24,Easy to order,My favorite restaurants are listed,,Food is delivered on time,,Very important,Satisfied,Just food should be delivered,Satisfied,Very important,Would be great
2023-03-17T19:46,Occasionally,Restaurant's own app,Easy to order,Almost every restaurant can be found,no issues,Food is delivered a little bit later,,Very important,Satisfied,Important,Some prices are high,Very important,Would be great
2023-03-17T19:48,Occasionally,Restaurant's own app,Easy to order,More restaurants should be added,I have experienced payment issue. I chose pay with uzcard but because of system error I had to pay a cash,Food is delivered a little bit later,,Very important,More options should be added,Important,Some prices are high,Very important,Would be great
2023-03-17T19:50,Do not use any food delivery apps,Other app,Easy to order,My favorite restaurants are listed,No,Not satisfied,No,Very important,More options should be added,Just food should be delivered,Satisfied,Very important,Would be great
2023-03-17T19:51,Occasionally,Other app,,Almost every restaurant can be found,no,Food is delivered on time,no,Very important,Satisfied,Just food should be delivered,Some prices are high,Very important,Do not mind
2023-03-17T19:53,Occasionally,Other app,Requires a lot of action,My favorite restaurants are listed,Does not have a tracking system,Food is delivered on time,Congratulating me on Birthdays,Not interested,More options should be added,Important,Satisfied,Very important,Not interested
2023-03-17T19:58,Occasionally,Other app,Easy to order,My favorite restaurants are listed,No,Food is delivered on time,Add status of delivery,Very important,Satisfied,Important,Most prices are high,Very important,Would be great
2023-03-17T19:59,Occasionally,Other app,Easy to order,My favorite restaurants are listed,"Sometimes in applications some promo codes are now working properly, even if time is not overdue. Also, for example service lags and it's difficult to order the food",Food is delivered on time,,Very important,Satisfied,Just food should be delivered,Some prices are high,Very important,Would be great
2023-03-17T20:08,Several times a week,Other app,Requires a lot of action,More restaurants should be added,"Sometimes work on phone, sometimes lagging.",Food is delivered on time,Not interested.,Very important,Satisfied,Important,Some prices are high,Very important,Would be great
2023-03-17T20:15,Several times a week,Express 24,Easy to order,My favorite restaurants are listed,,Food is delivered a little bit later,"It will be great if in some apps had the ""cancel order"" feature",Very important,Satisfied,Important,Some prices are high,Very important,Would be great
2023-03-17T20:26,Several times a week,Restaurant's own app,Easy to order,My favorite restaurants are listed,,Food is delivered a little bit later,,Very important,Satisfied,Important,Satisfied,Very important,Would be great
2023-03-17T20:27,Occasionally,Other app,Easy to order,More restaurants should be added,,Food is delivered on time,,Very important,Satisfied,Important,Some prices are high,Very important,Would be great
2023-03-17T20:29,Several times a week,Other app,Easy to order,Almost every restaurant can be found,,Food is delivered on time,,Very important,,Important,Satisfied,Very important,Would be great
2023-03-17T20:38,Occasionally,Restaurant's own app,Easy to order,My favorite restaurants are listed,,Food is delivered a little bit later,,Very important,Satisfied,Important,Some prices are high,Very important,Would be great
2023-03-17T21:05,Occasionally,Express 24,Easy to order,More restaurants should be added,"Yeah, sometimes there is a misunderstanding with my order. And I have to wait for hours. Its too long.",Food is delivered a little bit later,That would be great if the delivery time will be shorter. And more cafés should be added.,Very important,More options should be added,Important,Some prices are high,Very important,Would be great
2023-03-17T21:41,Occasionally,Restaurant's own app,Easy to order,My favorite restaurants are listed,no,Food is delivered on time,,Very important,Satisfied,Just food should be delivered,Some prices are high,Very important,Would be great
2023-03-17T22:02,Occasionally,Express 24,Not so simple to use,My favorite restaurants are listed,,Food is delivered on time,,Very important,More options should be added,Just food should be delivered,Satisfied,Very important,Would be great
2023-03-17T22:09,Occasionally,Restaurant's own app,Easy to order,Almost every restaurant can be found,,Not satisfied,,Very important,Satisfied,Important,Most prices are high,Very important,Would be great
2023-03-17T22:52,Do not use any food delivery apps,,,,,,,,,,,,
2023-03-17T23:05,Several times a week,Restaurant's own app,Easy to order,Almost every restaurant can be found,No I haven't,Food is delivered on time,,Not interested,Satisfied,Important,Satisfied,Very important,Would be great
2023-03-18T00:05,Do not use any food delivery apps,Other app,Easy to order,Almost every restaurant can be found,Nooo,Food is delivered on time,I want you to add free Delivery,Not interested,More options should be added,Just food should be delivered,Some prices are high,Not interested,Not interested
2023-03-18T08:21,Occasionally,Other app,Easy to order,More restaurants should be added,Sometimes promocodes don't work 😂,Food is delivered on time,"Delivery should be faster. And, of course more promocodes.",Very important,More options should be added,Important,Some prices are high,Very important,Do not mind
2023-03-18T22:31,Occasionally,Other app,Easy to order,More restaurants should be added,UI and us a litlle bit bad looking,Food is delivered on time,UI should be improved,Very important,More options should be added,Important,Some prices are high,Very important,Would be great
2023-03-19T14:20,Several times a week,Restaurant's own app,Not so simple to use,More restaurants should be added,it is somehow difficult to find a certain location,Food is delivered a little bit later,there should be a customer current location during the order.,Very important,Satisfied,Important,Some prices are high,Not interested,Would be great
2023-03-19T14:31,Every day,Restaurant's own app,Easy to order,My favorite restaurants are listed,"the most problem is that location of user, example I always have to choose my Curren location from map",Food is delivered a little bit later,if there any chance to make reservation for the seat of the restaurants,Very important,More options should be added,Important,Satisfied,Very important,Would be great
2023-03-19T14:45,Several times a week,Restaurant's own app,Easy to order,Almost every restaurant can be found,There were no problems,Food is delivered a little bit later,"no, it's okay",Not interested,Satisfied,Important,Some prices are high,Very important,Would be great
2023-03-19T14:50,Every day,Restaurant's own app,Easy to order,Almost every restaurant can be found,,Food is delivered on time,,Very important,Satisfied,Important,Satisfied,Very important,Would be great
2023-03-19T14:55,Occasionally,Restaurant's own app,Easy to order,My favorite restaurants are listed,"Problems with details like the flavor of drinks or souses,most of them were not listed and we were not able to choose them",Food is delivered a little bit later,,Very important,Satisfied,Important,Some prices are high,Very important,Would be great
2023-03-19T14:56,Occasionally,Restaurant's own app,Easy to order,Almost every restaurant can be found,,Food is delivered on time,,Very important,Satisfied,Important,Satisfied,Not interested,Do not mind
2023-03-19T15:09,Several times a week,Restaurant's own app,Easy to order,Almost every restaurant can be found,No,Food is delivered a little bit later,I have no idea,Very important,Satisfied,Just food should be delivered,Some prices are high,Very important,Would be great
2023-03-19T15:44,Every day,Express 24,Easy to order,Almost every restaurant can be found,,Food is delivered on time,,Very important,Satisfied,Important,Satisfied,Very important,Would be great
2023-03-19T15:45,Occasionally,Other app,Easy to order,More restaurants should be added,Almost all was ok,Food is delivered a little bit later,Design and speed,Very important,Satisfied,Important,Satisfied,Very important,Would be great
2023-03-19T16:03,Several times a week,Restaurant's own app,Not so simple to use,Almost every restaurant can be found,,Food is delivered on time,Design and variety of restaurants,Very important,More options should be added,Important,Some prices are high,Very important,Would be great
2023-03-19T16:08,Occasionally,Other app,Easy to order,Almost every restaurant can be found,,Food is delivered on time,,Very important,Satisfied,Important,Satisfied,Very important,Would be great
2023-03-19T16:36,Several times a week,Express 24,Easy to order,My favorite restaurants are listed,,Food is delivered on time,,Very important,Satisfied,Just food should be delivered,Satisfied,Very important,Do not mind
2023-03-19T21:29,Occasionally,Restaurant's own app,Easy to order,My favorite restaurants are listed,,Food is delivered a little bit later,,Not interested,Satisfied,Important,Some prices are high,Not interested,Would be great
